Technology_XLK,Healthcare_XLV,Financials_XLF,Energy_XLE,Materials_XLB,ConsumerDiscretionary_XLY,Industrials_XLI,Utilities_XLU,ConsumerStaples_XLP,year,month
0.029741589468551988,0.0362047440699127,0.00536192867480656,0.002686366689053088,0.03975993998499616,0.019631901840490906,0.04026845637583887,-0.002619172341540077,0.01650943396226423,1999,1
0.14678030303030298,0.05662650602409647,0.0,-0.0743469524447421,-0.017316017316017285,0.060168471720818184,0.004516129032257954,-0.011029411764705843,-0.009280742459396807,1999,2
-0.10404624277456642,-0.006271379703534752,0.037333322113280776,-0.00868306801736618,-0.004405286343612369,-0.007945516458569779,0.007064868336544627,-0.039830058417419045,-0.011124121779859442,1999,3
0.09631336405529956,0.028112449799196693,0.02827772334244405,0.14744525547445253,0.03834808259587019,0.04576659038901609,0.02869897959183665,-0.03539823008849563,0.003552397868561208,1999,4
-0.0012610340479193294,0.0558035714285714,0.07999996994629033,0.1781170483460559,0.26136363636363646,0.052516411378555894,0.16057036577805328,0.09002293577981657,-0.01415929203539823,1999,5
-0.027356902356902357,-0.046511627906976716,-0.08449075483163837,-0.050755939524838034,-0.07319819819819817,-0.062370062370062374,-0.037927350427350404,-0.0036822724881641067,-0.029323758228605667,1999,6
0.13370835136304637,0.04434589800443467,0.06700381788514953,0.029010238907849928,0.020656136087484844,0.06208425720620836,0.05996668517490278,0.03167898627243937,0.01726263871763245,1999,7
-0.02442748091603053,-0.039278131634819524,-0.07582935688442727,-0.011055831951354289,-0.017857142857142905,-0.08611691022964507,-0.03457307490832895,0.022006141248720468,-0.044242424242424194,1999,8
0.04264475743348983,-0.037569060773480656,-0.03461541944093549,0.030743432084963773,-0.035151515151515156,-0.030268418046830337,0.008138903960933197,-0.05858788182273411,0.01331642358909324,1999,9
-0.01538461538461533,-0.018369690011481032,-0.07569723460962152,-0.05097613882863339,-0.042713567839196,-0.011778563015312105,-0.023143164693218532,0.006914893617021356,-0.07384230287859828,1999,10
0.035060975609756184,0.054970760233918226,0.1609195960668932,-0.01200000000000001,0.009186351706036655,0.0750893921334923,-0.03360881542699723,0.02165874273639723,0.07567567567567557,1999,11
0.11045655375552288,0.008869179600886845,-0.039604038653236695,0.018507807981492208,-0.0019505851755526882,0.019955654101995624,0.011402508551881407,-0.03722854188210967,-0.002512562814070307,1999,12
0.176392572944297,0.06538461538461537,-0.05670101445802378,-0.034639409426462264,0.08273615635179143,0.047826086956521685,0.040586245772266105,-0.05639097744360899,-0.08312342569269526,2000,1
-0.0687711386696731,0.006704486848891245,0.013661197979134121,0.025882352941176467,-0.085439229843562,-0.06431535269709543,-0.06392199349945826,-0.0005691519635743214,0.01098901098901095,2000,2
0.09322033898305082,-0.069672131147541,-0.09973042792516384,-0.016055045871559592,-0.12565789473684208,-0.09922394678492241,-0.05381944444444442,-0.07630979498861046,-0.11616847826086951,2000,3
0.027685492801771794,0.08039647577092501,0.21856291297842279,0.11188811188811187,0.14597441685477808,0.18707692307692314,0.1480122324159021,0.06165228113440202,0.09146810146041506,2000,4
-0.038254310344827624,-0.008154943934760461,-0.05835385603589904,-0.01572327044025157,-0.06500328299409064,-0.02021772939346811,0.03356419818859879,0.058652729384436775,0.019718309859154903,2000,5
-0.076750700280112,-0.03597122302158273,0.08023488161572523,0.08945686900958472,-0.0273876404494382,-0.07513227513227516,-0.01907216494845365,0.004936917169500843,0.06077348066298338,2000,6
0.059466019417475646,0.006396588486140775,-0.06521736763255348,-0.04496578690127073,-0.06714801444043317,-0.05034324942791757,-0.036258539148712576,-0.01965065502183405,0.05338541666666674,2000,7
-0.07044673539518898,-0.004237288135593209,0.07558139026945154,-0.026100307062436046,-0.017801857585139302,0.01686746987951815,0.009814612868048078,0.007795100222717233,-0.006180469715698411,2000,8
0.11521873074553302,0.025531914893617058,0.0762762244562647,0.09984235417761433,0.011820330969267046,-0.03613744075829384,0.10043196544276456,0.02872928176795586,-0.04975124378109452,2000,9
-0.18618784530386745,-0.022821576763485507,0.05022323936740958,0.022455805064500733,-0.11526479750778817,-0.03626306084818687,-0.05004906771344453,0.1160042964554242,0.04450261780104703,2000,10
-0.06856754921928043,0.009023354564755781,-0.0265675117795533,-0.015887850467289688,0.10475352112676051,0.011479591836734748,0.03409090909090917,0.04571703561116469,0.07017543859649122,2000,11
-0.17893586005830908,-0.09100473435034195,-0.05240172953202005,-0.06172839506172845,0.015139442231075773,-0.031525851197982346,-0.02647352647352652,-0.013805798435342798,0.020491803278688492,2000,12
-0.1620062139369729,-0.03182870370370372,0.057027608384223605,0.07742914979757076,0.05494505494505497,0.064453125,-0.01949717804002049,-0.02379841343910405,0.034997131382673574,2001,1
0.26372877217955515,0.13271968862074113,0.027836534012694703,-0.04646314887050851,-0.0019048055013021203,0.1167706690797019,0.03686025191326525,-0.030210301707397247,-0.052416883921147406,2001,2
-0.22746780632797725,-0.03546103082625751,-0.06752627895146313,0.011979797257013702,0.008587801194568145,-0.08517351022403696,-0.05426351574634625,-0.0025236568385065272,-0.011980520621217239,2001,3
-0.1597221734715084,-0.0724789822665326,-0.029839934667629797,-0.061370698037344074,-0.05014188725385815,0.0,-0.09836068991039304,-0.007273922943720534,-0.07578628443563007,2001,4
0.21900822603184,0.10419027001619852,0.040135085292274386,0.11682716439288288,0.11304783199146096,0.05747126352783338,0.13257575949142564,0.05479456050165887,0.04469045427899876,2001,5
-0.04745761418746686,0.019145280886919025,0.03353769694001563,-0.007429420168309164,0.03534671117203625,0.009057970889299272,0.029431474225499965,-0.010872866315774443,0.01687599344195445,2001,6
0.0017793322555794688,-0.0016772639368098918,0.0031402345635855866,-0.09371260254853742,-0.03673286501906026,0.003231603280256179,-0.04743342947535212,-0.04610687721776596,-0.040138904450151336,2001,7
-0.043694478113834756,-0.027889782168097788,-0.01739129866659528,-0.01255371861145027,-0.017496692731196473,0.03328562231207366,-0.010914041546893571,-0.0003201097616870596,0.007237571039531154,2001,8
-0.16344723648069237,-0.05392324401957538,-0.07398232948175965,-0.033121438318296614,0.0004566314637455271,-0.08174577560608853,-0.04862068439352096,-0.03682355540783733,0.0059880850478024605,2001,9
-0.1563055233664601,-0.15747172967246914,-0.05925072870701764,-0.1190311619191835,-0.1209493216333033,-0.1342889262620176,-0.14969195524733803,-0.01894945798769776,0.002777765583529934,2001,10
0.16263158697830993,0.03859502678269888,0.004876019188473135,0.0710919653722566,0.046209728923773064,0.07320254213411936,0.048167140333059244,-0.05286341761582203,0.008310212927128635,2001,11
0.0950656571735562,0.10146130774189199,0.03315816622453194,-0.057572411751729335,0.0759305566059909,0.09622415428290387,0.06832046745631981,-0.018962456965234353,0.020015707929525117,2001,12
0.016949145860284842,0.030326048895368274,0.02818004032586008,0.031128374058812636,-0.004612563656000157,0.06259261237250424,0.05443472707489683,0.03683443567000699,-0.02616392116830424,2002,1
-0.05284557415651192,-0.017660027109893894,-0.022459038752462135,-0.023018890956662763,0.011121398144886996,0.01917041571357414,-0.07039713751735377,-0.0474850639106027,-0.002370583453512931,2002,2
-0.06909865904382073,0.06779024023305369,0.008566894381469403,0.04325997936026238,0.07332724123957024,0.02530778990802518,0.057087351974931755,0.017355956967453734,0.03960396039603964,2002,3
0.010142891099013562,0.02841106486985634,0.046332050182228635,0.07700851188745661,0.006831761182360729,-0.01667778544477938,0.0003673853465870902,0.012341203702485704,-0.007619076683407777,2002,4
-0.1378366261431252,0.021146004286720643,-0.016974178309794086,-0.036782388766300134,-0.040712429498675484,-0.004070520140708966,-0.06573628491628325,-0.04195052355319162,-0.021497101049649525,2002,5
-0.06193753912639588,-0.021042119468187348,-0.029279259825811255,-0.054246981903332436,0.031830207190164383,-0.03678473778114555,-0.03655661500206142,-0.04004489978745773,-0.04746956042909278,2002,6
-0.145033848443062,-0.0951893230643226,-0.047950490839695825,-0.020754688190964043,-0.012425060566899293,-0.0579915578917054,-0.048551632923093835,-0.07407406030359787,-0.074547006676427,2002,7
-0.09636964190818964,-0.014705931005476236,-0.08692121505737305,-0.18150292305763194,-0.11366590102407659,-0.11974469593826376,-0.056603761239207406,-0.1418947721782483,-0.060970136793486285,2002,8
-0.013878713382544983,-0.00459238177339627,-0.006672533050632867,0.0357815554176828,-0.02838961894479841,0.024733471421574116,-0.02818185632879089,0.026005922888643118,-0.0047393544863415515,2002,9
-0.0762962765163846,0.006151474279282976,-0.034930665668465366,-0.007727276195179322,-0.053400475847441675,-0.030378752755952032,-0.047240334947561746,-0.09277860106238678,-0.029523849487304688,2002,10
0.21892537961322733,0.03668318997607756,0.061716992615354904,0.013284512896970746,0.016498108080783114,0.054077264812854686,0.018654842666216753,-0.0337374492785506,0.021589821009642574,2002,11
0.12828946274568476,0.01142651614008594,0.022727256401360085,0.017631074812470615,0.07643974111587482,0.038273638212457106,0.04530123055699353,0.008728851504531843,-0.04755042198027859,2002,12
-0.09037896627040154,-0.006195337936781287,-0.025641077097220077,0.012883118846290564,-0.009727571049898076,-0.059607861088771474,-0.026279376707677105,0.060032483725900976,0.024710023852919205,2003,1
-0.06538464312957759,-0.03373670923544203,-0.04517541321279994,-0.03771924262194859,-0.07170928035625823,-0.06505419081408792,-0.06960232775996811,-0.04285714980812172,-0.048720461908782875,2003,2
-0.021261966225277207,-0.02314992795144466,-0.04363804181932718,0.025068332893008805,-0.032804176952305086,-0.02319359750196881,-0.02798978359988813,-0.050106637664665166,-0.041903749050149264,2003,3
0.014015403142914717,0.05244756773403347,0.023535059731661923,0.011116051691608009,0.01641133620305113,0.050228328795904664,0.025130865583752104,0.03984292951629542,-0.0005399691487396607,2003,4
0.08914996116429985,0.02177925984734741,0.09619902651129886,-0.021987687116648336,0.07104411734361982,0.09391303684400465,0.07660878477246102,0.06422010699474012,0.03187467019407664,2003,5
0.06979697750599412,0.009754351690277385,0.06078768164544379,0.10656478703345962,0.04824125679516933,0.07273449661384968,0.053130969795397,0.12576072697454355,0.04816754229944964,2003,6
0.026690322615678497,0.055098352992558164,0.002421283875494451,-0.02356765174000408,-0.008628969314912527,0.0014820643151745028,0.010810800129287257,-0.010360425300927179,0.015484488454253098,2003,7
0.011554059451761134,-0.035266158570718686,0.011272126485862843,-0.03703708995279731,0.07011599778496702,0.01960779747810837,0.02272728238610333,-0.06463359675349634,-0.019675337925793568,2003,8
0.07595659088069517,-0.007381405489972681,0.025875825052585677,0.07346589489107513,0.05061007147343255,0.0667634320843038,0.06230929630888582,0.043309067155195446,0.038635245658461104,2003,9
-0.008492560834195695,0.002478742754658647,0.010865332489032431,-0.01771338693054625,-0.0451612575079805,-0.03605440407129412,-0.025840819624818767,0.02285446636719035,-0.0004831028267274773,2003,10
0.07494644516372762,-0.013776029565723436,0.05412669337166243,-0.011065592704297522,0.07927920094810692,0.06986589737387572,0.04631580553556747,0.010487895076866316,0.035766058579846716,2003,11
0.000996038737035132,0.0408309235864357,-0.002913300080168768,0.024450898181015424,0.05091824988815419,0.01088390260644978,0.02977866236452731,0.0,0.0009332924628489003,2003,12
0.018905430525111955,0.039917407733320864,0.025931254746486943,0.11407773788445863,0.05480536711840078,0.018597053896196813,0.04493941428968595,0.05009028059543019,0.003263388920021093,2004,1
0.03759767944211534,0.038385171203478397,0.04022786697066549,0.02868551132593833,-0.044051208577553846,0.0,0.008975309393135733,0.01718949766487099,0.01626395790077506,2004,2
-0.013647101907169112,0.0006373632344987001,0.02977415923719562,0.06671370966248813,0.07443880828794458,0.03106980572352458,-0.0003706534118423921,0.02999573646743392,0.06447186983562703,2004,3
-0.028148772471862094,-0.040127396311758656,-0.012628813208051315,-0.040370593682156786,-0.03519065130710364,-0.009319641188540784,-0.015202071110513304,0.0004101816745722964,-0.02104809951312636,2004,4
-0.04270990689198906,0.037159948968614076,-0.047122197203454674,0.05275864436708644,-0.05015196467056926,-0.010661654408756549,0.005271133276060214,-0.038950343557368705,0.023255759456147107,2004,5
0.026153857891376253,-0.010876524315369562,0.006358198562104844,-0.012119254206084729,0.022399978637695384,0.0003169644730161014,0.013108556708616437,0.003839596865926831,-0.011578064378088171,2004,6
0.01549222700632158,-0.02554983549734946,-0.0038610487267646265,0.045092858661544666,0.028951478348197224,-0.0038022475892073304,0.043622933029849875,-0.002124995450491385,-0.008242890802508063,2004,7
-0.04084645355174232,-0.041154988571417306,-0.00845657776157327,0.02823602083512089,0.0011407105519316563,-0.026399488219058798,-0.008501586078989765,0.034923326695521784,-0.03018374959032888,2004,8
-0.03950746366373592,0.021460742552163348,0.0223880080197294,0.0030854203823478255,0.014811978381257251,-0.004573711016187532,-0.003572718195336111,0.029629680794599933,0.007668023261566237,2004,9
0.047008605790250124,-0.015249093847821471,0.00590895714137174,0.08981858303291568,0.03667670190003203,0.036757494731630036,0.031911126442240034,0.009192627419195798,-0.020590912653507876,2004,10
0.026530635083828358,-0.04026153123867593,-0.00829302043394653,-0.014112334058516973,-0.013718449734616889,0.03165558705823801,-0.0006949429216988046,0.048712853157874436,-0.005941460957626821,2004,11
0.06411525618146352,0.04625317116378769,0.04808356463057195,0.04809620070134524,0.09004396117498259,0.05400424404089632,0.07719051793070175,0.027190378895388667,0.04091951216774414,2004,12
-0.022419408951763642,0.022618226199779823,0.01130323819883805,-0.04452338270801193,-0.011752866803212636,0.02066966319386676,-0.0058102100657031475,0.012132349795948683,0.01943465308832093,2005,1
-0.04252266491502865,-0.010388721995884365,-0.007560818906817257,0.09176669887021482,-0.012572233618642792,-0.03565316460461576,-0.016558387472930147,0.03995635476517401,0.01213174556200558,2005,2
0.007485010562751526,0.028445652998842164,-0.0076184204038467485,0.12594924185011735,0.0712319247373081,0.005028043834378826,0.01188506741901052,0.017464198905223105,0.006421216378898809,2005,3
-0.03962363166160854,-0.025353982103581307,-0.06542055195857588,0.021627914073855337,-0.03405073866106323,-0.03178334405258043,-0.016639485651853025,0.004119493398236029,-0.03019995682301435,2005,4
-0.027849356636235667,0.048310820498198126,0.018214276250625216,-0.060323275835868495,-0.0608579960850828,-0.051367852979487094,-0.02189780559978327,0.030085441393729928,0.00657901451308307,2005,5
0.08116704235194194,0.010957142928269992,0.035075400697070824,0.028827579374907097,0.0003541157564761477,0.060877974418915626,0.02985078296403798,0.009624989167107634,0.0226578881537447,2005,6
-0.020117755853562458,-0.01211351794546267,-0.0003388648909319336,0.06993165341747276,-0.03999997029262303,-0.007550588806749858,-0.02898554184531832,0.04700855692272565,-0.027268828648166044,2005,7
0.05458188232680494,0.029041614236120505,0.01457628883144868,0.058538730805519856,0.05088492323238469,0.05447355089103256,0.03392130310474695,0.0,0.02321509804716082,2005,8
-0.012345690193501735,-0.00815303336023998,-0.014032763458897368,0.08024949548446103,-0.034385948850397474,-0.042712937713097365,-0.026902877530819547,0.035792818943271465,-0.01369861671503625,2005,9
0.0033654617663698705,-0.007903888922959457,-0.0020331893455913796,0.030215545082513007,-0.004723875943052902,-0.023213647439609963,0.0107889311014997,0.03000902738406719,0.00911454323472416,2005,10
-0.023478757008272177,-0.03441682449298289,0.029201992493428808,-0.0823837090972942,0.009492524084542264,-0.01697534316379201,-0.011340899192106124,-0.09270157919263355,-0.009032218686995996,2005,11
0.08145249377420982,0.02541255700171341,0.05707693935636682,0.0407166132632335,0.09403256482243405,0.05117736707202458,0.07321187992506517,0.022380815302145196,0.021701388026553303,2005,12
-0.03312166149097884,0.03347283314265992,0.004993709131245971,0.030907704696159666,0.022148762852692405,-0.014336904085998858,-0.005658607613888811,0.01522841165181843,-0.004248104400189967,2006,1
0.019709060854984584,0.006851486033052412,-0.008385011848742963,0.06812144403444687,0.029430784125702436,0.010303034926905763,0.004742381595285172,0.007500052452087402,-0.0021331545763632054,2006,2
0.01610678273551902,0.006186110019025026,0.027247057162522292,-0.05436136655750046,-0.00911087052698134,0.011397752440793996,0.030522318829341755,0.007444102086688886,0.009833324308967217,2006,3
0.008605096680893709,-0.017522278395749158,-0.006097573197221151,0.027616029181753543,0.03836395210365917,-0.005338087148860082,0.03572513492962792,-0.049568926283675596,0.002540197451759596,2006,4
-0.026942091115249922,-0.03879849207256714,0.025460091216988667,0.0617916091585371,0.029618357884064972,0.010733470498651698,0.02063681605915657,0.005183020507364633,0.00591213631098797,2006,5
-0.04107057621204435,0.0016276414559501795,-0.011067866041343688,-0.04097797853103158,-0.03618034331369113,0.00412977531996761,-0.009532005388177445,0.03609412872863449,0.00797651286699641,2006,6
-0.01443701320962798,-0.015274657579166129,-0.010284373495025867,0.029802510317317843,-0.0006153987004207107,-0.01762638873915745,-0.010498705183426993,0.01555209879531505,0.013327767254216472,2006,7
-0.046874956344253316,0.05247525388195817,0.007946276808081798,0.023709912759417362,-0.056342362977141014,-0.04366026149613944,-0.06601826557533119,0.049310772447535456,0.004932216999987471,2006,8
0.0901639440372981,0.03386647387034003,0.016373542420615728,-0.03780655951213452,0.0502446664713061,0.03783611950571153,0.024928967966715287,0.015761848861152394,0.049488713567106934,2006,9
0.026315763527856362,0.0009098810490197895,0.03042957818152825,-0.06477875836127622,-0.015222052956627485,0.05543839194700029,0.029556622475449545,-0.016091884220427732,-0.017537052440194656,2006,10
0.04258243125816019,0.0018182234330610392,0.019397815023307174,0.04390612581613684,0.04984220751832291,0.05395373838167106,0.02003594530974162,0.05169382465829542,0.016660059164882446,2006,11
0.02415455538003819,0.005142110159821467,0.007384260625356465,0.10079770465321847,0.04326930571590215,0.019230848710256154,0.023746629847550826,0.019716826777671725,-0.0039016183142981387,2006,12
0.0004288262869940329,0.008125201970601736,0.040879615961532556,-0.06818180675920116,-0.003168220232837138,0.023651325123202227,0.00887747392743865,0.0027232699018733264,0.029768907498674002,2007,1
0.012858947194239523,0.03880594737494181,0.010834257959025484,0.030399387598849748,0.06009817912962734,0.028037331347947836,0.023275609011607967,0.0021727819586574437,0.01749711177077118,2007,2
-0.023698666349178832,-0.03563212330329546,-0.03778135953503625,-0.027101167016020056,0.010084566923714178,-0.03888881717600268,-0.021359236451025665,0.047425472293617155,-0.016822458427643072,2007,3
0.016038181366617277,0.008045305325242058,-0.016986942385677994,0.07316638966620603,0.026443591633070085,0.0026273901868871796,0.00935379372088696,0.05174644038916432,0.015969585113223328,2007,4
0.04692834285014036,0.06976046904874567,0.050424971611800595,0.04567114576599618,0.011040961063012888,0.023060824728355245,0.05110922953186248,0.03296433215961403,0.021332395839096074,2007,5
0.04523221929876109,0.016026577868578196,0.025350599391129602,0.08279648887241153,0.07826318793246378,0.033043055463000126,0.04942555327378062,-0.009049798831279987,0.02235246180060968,2007,6
0.006627683384881289,-0.03426712321306025,-0.04024201753907086,0.018717367234472926,-0.00771641392343303,-0.01958841754673646,0.0010183532782701565,-0.035087696780986,-0.022580615389979353,2007,7
-0.0007746110766871928,-0.04646572202683219,-0.08824333344786728,-0.01979774117324895,-0.036452003508594344,-0.06297424433010002,0.009664320220359901,-0.03212953590290313,-0.02200221383930734,2007,8
0.024806252555144903,0.02480803713662927,0.02224225539457736,0.0331298865069356,0.001261014757538259,0.006207815032996278,-0.002518949292104611,0.012609311787787458,0.019497579912865604,2007,9
0.031013603565097192,0.0342939077966804,0.028226993441491155,0.0703234895542213,0.08060455167362868,0.0008047906377830483,0.05075763165859759,0.025158874634210848,0.026112507191139223,2007,10
0.030447539131957635,-0.010587937435987738,-0.0849299188095396,-0.021682017857595826,-0.013053644600763081,-0.04261592318584362,-0.042057197172081784,0.030738762364314276,-0.0017920873743431098,2007,11
-0.07084370809214213,0.02055768491802268,-0.039062559042589706,-0.009402242806387573,-0.021256531002253554,-0.03499439969995033,-0.021575529282059858,0.03775852875628405,0.04416515351485306,2007,12
0.0007663010525422731,-0.035872047228139414,-0.07772358709376326,0.07796610169491536,-0.003378363761774028,-0.06585437706338926,-0.012564145601712706,-0.024565500250452788,-0.023727666295319638,2008,1
-0.09456359652918056,-0.030910076096335226,0.046544474663995805,-0.10251574246388562,-0.009200994555327746,0.02080739605809101,-0.017138402393621077,-0.04395339670739695,-0.03240578006596917,2008,2
-0.06384779083458081,-0.03160069921844899,-0.1415094018709998,0.07918712889570956,0.015395921219599318,-0.049285031473284446,-0.028269477885337402,-0.05119287493452973,-0.0025482233918436847,2008,3
0.04110207192858284,-0.034156779748762855,0.04474090488809557,-0.020129909763088483,-0.002406702189103771,0.027199951171875014,0.039967408088403156,0.019381819220918528,0.029197122465218994,2008,4
0.07592191140667337,0.011683007210042895,0.03380919082469891,0.05977471595292805,0.013510194168547374,0.03613706861535504,0.013071895424836555,0.03674204451316743,-0.001773090179305603,2008,5
0.007661312092852146,-0.010611739790029717,-0.11373546803047752,0.08191599708296837,0.051416327867477074,-0.03818396315410566,-0.006193591702368995,0.016356874160364798,0.003197163545559878,2008,6
-0.08963584600376873,-0.03533125590781672,-0.1668716827679234,0.027048853081817592,-0.0726737427562204,-0.12097527225926252,-0.1173720290852106,-0.002438392543619994,-0.05382437925223427,2008,7
-0.028571411803528513,0.03695222902504369,0.06446845594342365,-0.16274619395389578,-0.03198236298521673,0.004623014114040425,0.0076492588612584456,-0.0958200484860986,0.023577884891649914,2008,8
0.023529432071850875,0.026490071801963833,0.004160956008191663,-0.05161979257153981,-0.022698650472724236,0.10088496925556556,0.02861312532076865,0.005677185048491129,0.04021939181452461,2008,9
-0.1304155903399794,-0.07066050049063688,-0.048342503511649704,-0.11750537734410571,-0.15225810389364924,-0.10289391394496916,-0.14646607761734198,-0.11048388510911422,-0.022847153196763115,2008,10
-0.1535333221174382,-0.11404961199799846,-0.24431543173071346,-0.19996783302090515,-0.21461185888987078,-0.19999999999999996,-0.17692051043618473,-0.117256000308957,-0.1190647322583297,2008,11
-0.15015015359025452,-0.11791044542427764,-0.3245839272719948,-0.09797231346257251,-0.1786821255552935,-0.16218633429122342,-0.14303034002130677,-0.03731592877107193,-0.07145773852002357,2008,12
0.13003534997826427,0.1459391223356017,0.2000000667662447,0.11618075195298405,0.11231708828611642,0.21122987670776538,0.1447431275195259,0.05654332140064766,0.06464376992745291,2009,1
-0.06754221007912697,-0.02547067294836103,-0.270142146254604,-0.0793619787803953,-0.11921932551231373,-0.15673286078805249,-0.1705107569982135,-0.019185449760653728,-0.09293680648848357,2009,2
-0.07578807015461164,-0.167045451179352,-0.2294372082616699,-0.1743556325820933,-0.12909442560830497,-0.11675390040304967,-0.20655411983528993,-0.15751545122607047,-0.09061930118773276,2009,3
0.16545716815333966,0.10050027352541946,0.27247179270209254,0.13746069845988096,0.25331858091995185,0.18612917803453555,0.17897376046803815,0.04480653424254166,0.07461190898097625,2009,4
0.08841843857499909,-0.0024793955123713074,0.17549666771754113,0.08994459539399946,0.1354810112752418,0.15842079160591216,0.16772822833433199,0.03430803435488161,0.029356994174853934,2009,5
0.038329524819211036,0.07705056575722846,0.16056336599807897,0.1337283904777855,0.08822388255535807,0.045297636895461846,0.06954548575661401,0.0414624367000036,0.06745132461864678,2009,6
0.007713570244604062,0.014615352337177034,-0.03883495514491819,-0.10246363364782163,-0.07642854963030132,-0.04127115224483835,-0.06289848730964709,0.022439408543803774,-0.008481796589760893,2009,7
0.0918533796464116,0.06292652795946885,0.12289561857019948,0.07964229578301052,0.16589322919278882,0.11020238586903419,0.1065759847066099,0.034690249282701924,0.050042776659175114,2009,8
-0.018026976233403658,0.004279562338327825,0.042728662070159906,-0.03158704636914578,-0.040464322679615417,-0.003877486542062103,0.00819675270763387,-0.007868612584272738,0.0016293652452321616,2009,9
0.03263637785460349,0.003551149929388764,0.02659956368036087,0.03898176107309226,0.0276529287459919,0.045932280289813,0.043902435242219706,-0.005862071596342888,0.026026815196301678,2009,10
0.02370368109809018,-0.0024769884733645275,-0.00770300650568545,0.06431846645669759,-0.0043726593598468755,0.00781537320110659,-0.0038940958053482744,-0.016996176635964977,0.03369006725690915,2009,11
0.06608783740887647,0.10748487839282572,0.0352858015377473,0.035431677603733336,0.11925677841731952,0.07348595925866674,0.09304140609324074,0.06986589737387572,0.041027595780459114,2009,12
0.05294117900898132,0.012492034131155405,0.0013632331809756426,0.021539025274274648,0.026863850315567372,0.031991754899858726,0.012875558731741288,0.02506597086185236,-0.01767954139891481,2010,1
-0.08895572213594849,-0.004745381935544302,-0.018379752423527296,-0.042679851685404,-0.07877719779877845,-0.02399997711181645,-0.018714646363281462,-0.0437580635035405,-0.010123751668214886,2010,2
0.036320685033233824,0.007628788475879222,0.020804397856041934,0.006394327091119756,0.02042116740690547,0.05874314457031349,0.05145729941405475,-0.005383575070952773,0.031060594949730902,2010,3
0.049613117280587815,0.01924292099906566,0.09239128267565055,0.03318039310233245,0.0791119079271867,0.066774183704007,0.07597540290456184,0.017253052709606198,0.03269659513034684,2010,4
0.028187321491063733,-0.03961623745716136,0.02425371486193728,0.03501877699009048,-0.015647555117182854,0.07408529741604153,0.05661579695958685,0.025274367695209854,-0.011383838060337048,2010,5
-0.09616190920859269,-0.07992270044171434,-0.127504529454893,-0.1660340212569109,-0.1239329066981455,-0.10247751267135663,-0.1288380653032053,-0.08887446571192825,-0.05397624867158213,2010,6
-0.05179657464043408,-0.020665505021170594,-0.04801672482748842,-0.020383906672859164,-0.052083371387373734,-0.07873269722736231,-0.054941262033382565,0.0014239589875910674,-0.028147647497027584,2010,7
0.10137792799608625,0.04113024190038517,0.1023392186745482,0.12565659031723486,0.16518964901268163,0.09329246485611198,0.1294332343255522,0.10202633931238214,0.06810182897942729,2010,8
-0.05183198797637378,-0.012366904940000145,-0.06631305268889265,-0.04684135953288171,-0.027380579488162082,-0.027405825331300093,-0.05114923777679092,0.015483856201171875,-0.012458781281844522,2010,9
0.08529695720357156,0.06052173116932735,0.029829590460134003,0.06966674299413,0.038786355888352775,0.07108553484609348,0.06823609813858789,0.0022236243914266485,0.03636361834853763,2010,10
0.05818498100892033,0.022302404404079823,0.004137890831836799,0.04400633584873259,0.0472749093076088,0.05201787216989673,0.02778667691067027,-0.004437381712643185,0.025778707679464885,2010,11
0.0036929931120219806,-0.010266271865285947,0.01304948554819707,0.08868653177779096,0.03939053463675046,0.049161682573163556,0.03946552037662365,-0.009232696898679005,0.004537559156934545,2010,12
0.04129191605419935,0.03047003314211416,0.10508476006218315,0.06489085428541697,0.07109265799019182,0.02518960864841091,0.049925205705692255,0.011889425511142804,0.01980540935458386,2011,1
0.03769144160588733,0.01446992989069007,0.026993818635562272,0.08115174561229388,0.019369834100082306,-0.006076606380673533,0.046412332508227516,0.017465898647405664,-0.008858610749660767,2011,2
-0.01437764145771947,0.00496123557867012,-0.014934284854694502,0.03672321080734475,-0.024828971672853473,0.027644894871219572,-0.014421735491071397,-0.007802746343831823,0.013750416515370345,2011,3
-0.0015354706084522718,0.026843533970403177,0.002425760259735066,0.03788761100957183,0.04364760761801656,0.016554562653245286,0.048591890177165364,0.010380560140098583,0.0196676815261998,2011,4
0.024221420808256733,0.0697115318485968,-0.013309147451942227,-0.007250834068628698,0.010206713487638241,0.035368941899053485,0.01737756333246243,0.03268989016118051,0.04955104044695524,2011,5
-0.027402385846900024,0.0002809588949206354,-0.061312058531952096,-0.052134577863246934,-0.05101043410839301,-0.02875394958055677,-0.057970960122986526,0.010551772931541636,0.01330798743349737,2011,6
0.00810501709988487,0.009828656785233258,0.02090132146733592,0.010495561986983537,0.03168011617442601,0.037955465147403,0.04148346863281471,0.010739874863819665,-0.01594747455228296,2011,7
-0.01263399361038231,-0.06729694745710535,-0.05630196361464446,0.003681288302450625,-0.04656427121662532,-0.038517840405232096,-0.09100503236153312,-0.018004739997651287,-0.023832221683008803,2011,8
-0.06281507490207361,-0.010733470498651698,-0.11322027428468828,-0.10767610670199468,-0.07972545862216729,-0.05907703086935545,-0.07515955641468042,0.012022774441780903,0.0019531697471404375,2011,9
-0.045510979644084126,-0.07414107803481695,-0.13761467889908252,-0.1702877542734743,-0.1815834713963368,-0.08811642155703792,-0.10887985972160374,-0.025244981299258562,-0.050357410975681915,2011,10
0.09622892284654805,0.07161454768114028,0.14007080056425636,0.19355977597495322,0.1752540473997184,0.12825059494735225,0.1411971930543765,0.039609971028292223,0.04344852814412681,2011,11
0.01858439289600522,0.03068050402211875,-0.009331169425138452,0.04476733343383721,0.02296452388298653,0.015453120688108335,0.04227087128462781,0.02901529042961526,0.04426230758917127,2011,12
0.0019409641543592926,0.0356616290477334,0.04709566995618708,0.008087395965882038,0.0037901186882467464,0.014959969293507624,0.021018440640236724,0.006550827064597531,0.019152235343702806,2012,1
0.05772955451178108,0.028742235451717058,0.07046478951823265,-0.0011259933514204956,0.09061861470317045,0.053621364477033584,0.06146705795054652,-0.015280161663717484,-0.006161453129403305,2012,2
0.06666672721741862,0.006085681790313879,0.04481790345172754,0.06523879348711814,-0.004527248266293693,0.05041003856101445,0.02048620561311698,0.0051724226759202185,0.028518351875687742,2012,3
0.04670325081758242,0.037668484652634504,0.06702418817436073,-0.04166668769123316,0.0029427663779655333,0.038117103937844954,0.008029958034246443,0.006861111538237985,0.03526215063846161,2012,4
-0.018372686166428176,-0.0023847416159294976,-0.020728662670635334,-0.002622426777290965,-0.01600432813965391,0.015483317343836678,-0.014338845398706224,0.017603603361612485,-0.002328908876595537,2012,5
-0.09090906772789709,-0.05683939223414802,-0.13470177882904055,-0.1414337243089966,-0.10273789585886628,-0.09082984497505653,-0.09186422267062733,-0.0036272619297365027,-0.03238986272321742,2012,6
0.06213230070977205,0.07378211406428781,0.09192001004621653,0.07027724929095447,0.0607251428667579,0.051988454280891716,0.048946946623885434,0.042285135114636496,0.05458387761217898,2012,7
0.009345810435026136,0.007343267019497057,-0.00950440004794717,0.054066208665544346,-0.007405358351199043,-0.012525603256019147,0.005938888033027334,0.011015578558983385,0.013726037331452945,2012,8
0.045610422862333744,0.013277748595658112,0.03906787664479938,0.014144956756407367,0.009756102366557329,0.04797043328133288,0.01152656314112277,-0.030294960331914145,0.006205850529511281,2012,9
0.008855377493949046,0.03699903672028548,0.03298151828788276,0.0397294950895315,0.049161682573163556,0.029049289936561307,0.020011151469246924,-0.007399299680575289,0.010933648005769792,2012,10
-0.046163851291543545,0.0,0.02809708862177218,-0.02100275051033207,-0.005146225247345759,-0.0034217248322361282,0.011989063148829748,0.008006545860200553,-0.018025554662356447,2012,11
-0.008520790685065838,-0.0052031486941750416,-0.02484476941055036,-0.021868537454044157,-0.019330223068917185,0.014592281704760346,-0.011039306789175196,-0.03861955388205285,0.01383794635917246,2012,12
0.024750749727666888,0.012951348027502307,0.074522241555806,0.03297016968197064,0.0682953651640621,0.024323213950303124,0.05662950876606643,0.01310549627257318,-0.0027855789573232315,2013,1
-0.002683660689006495,0.06343747104037778,0.04386491166843709,0.06945205061403037,0.026507288718756294,0.0410901889578732,0.042772475874080174,0.031496031738794894,0.03826812740449803,2013,2
-0.0016817772563203492,0.01225430703576591,0.0017035609316693456,-0.003586509291551021,-0.025063333632070806,0.012495063288266106,0.010625161655686055,0.022355498582384392,0.028248671064909248,2013,3
0.013140141025552055,0.05230701186337772,0.02721088616467382,0.01748297460271786,0.0085692507254711,0.030362375322726676,0.008557419585904835,0.040266621907552036,0.04003136395684104,2013,4
0.015297671981701733,0.01649668203309873,0.020419486761250605,-0.02653188166312892,0.0002574233134378101,0.03269964392773428,-0.008242427941524633,0.0515253069139705,0.028930855996953664,2013,5
0.04225348768966741,0.03288483964587097,0.07409401536615778,0.054899358338734716,0.04247108341530592,0.0377393086998834,0.06917628554412492,-0.07947347878718669,-0.010024445773007762,2013,6
-0.033626640637531624,-0.013024545530901044,-0.017623370033490793,-0.02977359996665896,-0.04765432852285878,0.007450807017933325,-0.015317831685690564,-0.015889790804861748,-0.013089715288305492,2013,7
0.04292681934387699,0.07540842789171665,0.06714506523012309,0.06213544874403287,0.05729839517652935,0.06163056776854248,0.06640354378027191,0.06539290406765197,0.04429430676467261,2013,8
-0.0199563266522802,-0.03506036680387148,-0.05859744157312852,-0.01898285490369389,-0.002697415734289055,-0.036490308998699206,-0.035053355098065064,-0.06870424880575121,-0.05391804516371246,2013,9
0.028316874992262653,0.03411381904474875,0.022959139209423718,0.015455814783514432,0.03737399867709623,0.05216041954446249,0.05370038548066991,0.01654463325259381,0.014184432112060108,2013,10
0.04146040115224636,0.03689243424822286,0.028428885569885765,0.031639493197550106,0.03507939299385021,0.03992150661071703,0.04860814605307495,0.04215586580448538,0.061688245492721894,2013,11
0.027332204034852703,0.04066264854752455,0.04122217094392555,0.004879160780800529,0.012823480576402702,0.027218368547161642,0.0249131585786051,-0.03046601125364956,0.006351457737576727,2013,12
0.02342387263456791,-0.0027134174112503073,0.012575673965531164,0.00867052023121384,0.036626700172985194,0.01883896018213327,0.026698549297724083,-0.012674928855944345,-0.007713838844640719,2014,1
-0.036733519623648125,-0.004897523173091778,-0.05565777269548111,-0.061432671751880386,-0.06194111771216004,-0.08042692038648414,-0.056083824143414285,0.03744320804312462,-0.060541805621542655,2014,2
0.05485476455014937,0.07546480757543517,0.048709189996308355,0.06349978003418455,0.09207168225317797,0.08239334749704219,0.06311677083362754,0.03248255457062488,0.056168450445716056,2014,3
0.0228031066657699,-0.002372871010990485,0.039479848667068884,0.028705937594721398,0.012135398765392713,-0.008910985441003993,0.019145265828559577,0.02796501755856129,0.02065533638756678,2014,4
-0.00788464139355316,-0.01036358484583988,-0.01697949009283195,0.043978151606865135,-0.0035759777107419177,-0.023316158863938785,0.0037950808357503085,0.05392279133929323,0.02814605808863524,2014,5
0.03480396230882743,0.027811140461541095,0.01590914985030234,0.017748355434350938,0.0403208758809257,0.028241617903138838,0.026086903849007692,-0.015210874779813088,0.016515826462347283,2014,6
0.025953479886007713,0.028895934075505503,0.023713624957689694,0.052211378224960026,0.00974025069249751,0.023520415576236298,0.0020265403984038866,0.02550901390744187,-0.004673916827204305,2014,7
0.0012906359033106884,-0.010389600738664129,-0.02884618048789045,-0.04303120038341968,-0.02150321002645983,-0.026686367736154404,-0.047986774032733326,-0.05499771483788407,-0.027951698700341532,2014,8
0.038669759334797105,0.04708009825599002,0.05535552575713876,0.017110061718897507,0.034298665655055016,0.050266494221823166,0.0467362309906072,0.035740148459064036,0.03864734893027011,2014,9
-0.025068307601880058,-0.009243304647703177,-0.023880565333380344,-0.08944508577062715,-0.03852268502569245,-0.04568519268897053,-0.03782286361999987,-0.01305659982659979,-0.007087479158573329,2014,10
0.036405304216289514,0.06499045993943664,0.04543465519246892,-0.030753586017537526,-0.007434878340932816,0.0349543361047282,0.05733456905625922,0.0812662054785287,0.04595131551314702,2014,11
0.03193316792670675,0.031031982399943647,0.012536541323166395,-0.06903768454440218,0.012276324089240953,0.04287809448417179,0.018861097697483675,0.006991472397285925,0.04457240733189871,2014,12
-0.017614803459542805,-0.011664820845474044,0.020635569573678625,-0.007116101194538427,0.0,0.008589138822651776,0.005873941163489382,0.02929048534718426,-0.01286241474077543,2015,1
-0.023261426552566467,0.015008107968998985,-0.05458951338647433,-0.02099834269556211,-0.010894194807213098,-0.01410016118334756,-0.01999641279386455,0.022976395112587866,0.004963840455863844,2015,2
0.07740011971202865,0.04636800972917521,0.04918736258665324,0.007834582655660283,0.07709898132835646,0.08864336255125571,0.04767062727935567,-0.08592619562818227,0.031076318518035162,2015,3
-0.04720237675927985,-0.015365657236390273,-0.01793723604151798,-0.011596835070129763,-0.0561451583890511,-0.024193557190441584,-0.04515682370240626,0.002479725176691927,-0.02594808935437498,2015,4
0.04156591014037403,0.01267944412252242,0.010377746422013834,0.06846319436738968,0.04762882089668152,0.017728630906005405,0.01678700865633287,0.0,0.00020496181120588375,2015,5
0.009048798565036487,0.035222861142605755,0.011503682002047544,-0.05647399722535673,-0.012097540134336837,0.0022265641433238947,-0.004793190999238028,0.0020238396698308847,-0.00040976146693194604,2015,6
-0.04161879290492654,-0.0006644793166236118,0.00528020858764644,-0.05102961208057355,-0.03890976059930906,0.010846861833074817,-0.030859784157275527,-0.06395875675458651,-0.011887719208263037,2015,7
0.016074811997113025,0.01782146953559227,0.017373758991804156,-0.08463610562784063,-0.06309082828711698,0.0336134263143002,-0.006810284080839835,0.06017746802504398,0.045011450422148824,2015,8
-0.08051947981759355,-0.10309681844373508,-0.09968225331225467,-0.05638989891501289,-0.07786793650315516,-0.08592864764754127,-0.07468493046095204,-0.06580732173407744,-0.0801905682785744,2015,9
0.014894757357717614,-0.025349619452822103,0.0,-0.04322042130354686,-0.03972411863163805,0.0236726284098685,-0.003004236430244056,0.03558454023572821,0.018342651517527564,2015,10
0.11437247989392985,0.08908817561337656,0.07675339636572742,0.13535556250921488,0.12856087636175584,0.08728778228046807,0.10285260892194725,0.023842928631809368,0.06336091895485851,2015,11
0.007038999821738168,-0.007548765401460544,0.01720608830817061,-0.015225583828928024,0.010755001075500203,0.003319452724577454,0.00182146578035991,-0.014611858465671257,-0.006775610811481481,2015,12
-0.04689961866788184,-0.02185028702815084,-0.05879983357288754,-0.12047839287733231,-0.071878341225463,-0.05869379830539756,-0.04909092296253548,0.0006950597637380707,0.00020060837685775823,2016,1
-0.02081857247658503,-0.058815261765452376,-0.07445450691122013,-0.050746228811111904,-0.08914368796598726,-0.02941944995064527,-0.04646272161805021,0.061588329057439495,0.02166503237939632,2016,2
0.01932832203086776,0.01622355169003642,0.007859595632190297,0.014325640649530236,0.10120725907585348,0.024812314432572036,0.06557049383999436,0.00479828196346177,0.009424691524840823,2016,3
0.05949282336884165,0.013303791656746888,0.041284322150684005,0.05167068427559607,0.05528348042060083,0.039523576735070565,0.048739182957017846,0.08118084877884146,0.042987727894029604,2016,4
-0.05055933104377541,0.023924132992527714,0.036123410533527744,0.10432359627609089,0.044871766224162446,0.011078902807968749,0.012919454990439228,-0.02007628934811112,-0.013427777328390067,2016,5
0.038642866574307266,0.02023077531776285,0.011904745266822392,-0.008008318449998497,-0.005711877621091266,-0.013945899031690967,-0.008503091864463852,0.009629120933871693,0.005671062918850556,2016,6
-0.013838488770701707,0.007680534102359804,-0.04453787340604798,0.025564345942231892,-0.013617008290392252,-0.004040910278554355,0.003930630716593386,0.06493508202528231,0.03176689102392416,2016,7
0.07062340944591683,0.04878043880857952,0.037379117940415485,-0.050145698083498225,0.04443480438897529,0.03651574937396318,0.031678281500225,-0.0062880720128786205,-0.0023683925953869034,2016,8
0.012892102757155577,-0.04109408823745564,0.03687997277616706,0.048342445049862626,0.007021895197136807,-0.012599373447056528,0.011557670430167866,-0.060786229930779534,-0.0065740833946069666,2016,9
0.010606703573903697,-0.007165449156030457,-0.03321710391485955,0.0329380775935475,-0.021944211067613795,-0.009043648982829278,-0.003581157685170866,-0.013883224000224903,-0.02812504689482953,2016,10
-0.013224203950181534,-0.07009025451574369,0.0234253401554394,-0.027352612981216273,-0.025372176961963477,-0.0305037489333011,-0.029265772300897663,0.004761895359614243,-0.00567428112580548,2016,11
-0.010423269118584155,0.018656716417910557,0.16480161730747178,0.08713395885551733,0.07487090310906863,0.05596384483691197,0.10754580999364571,-0.04430244725451837,-0.0441316284628519,2016,12
0.048796226040983104,0.023296649639423128,0.02663758168179009,0.020908692478650348,0.000600532316732183,-0.00012214111985608955,-0.0036612471084630505,0.04463129898992779,0.032835851261271864,2017,1
0.034228287304947314,0.018470804455461787,-0.007230968721348652,-0.05001966194279228,0.04460891112946097,0.0340742673316452,0.01086436017763237,-0.0024767581010350925,0.005394966687183311,2017,2
0.05212051359161696,0.06481092068550653,0.08140529589155143,0.006218863245529116,0.02010722352576777,0.03153417062343333,0.058479543799109246,0.06165941298023103,0.060942895488261595,2017,3
0.0032020751263273084,-0.01742803976834606,-0.061806635502725804,-0.04161514738217764,-0.01989865523150247,0.0029768965781107326,-0.030610766229522968,-0.00019493541147463933,-0.015715298451822735,2017,4
0.02872704923416336,0.01679656047776712,0.0,-0.03052446676238585,0.01704653141649115,0.029452076209988354,0.01879237916070542,0.0017543889654265676,0.008808947099482545,2017,5
0.03431278010592598,0.016519096474790107,-0.005912136310988081,-0.026607583313493888,0.011676134922756987,0.01918389167308865,0.027215044880080974,0.05506911587208041,0.038748357397084376,2017,6
-0.04111519484103743,0.0319812681101419,0.0632965043826883,0.004859524711302354,0.01042437724997547,-0.02578612394897639,0.008684078844410692,-0.04610844602942232,-0.038704013021546246,2017,7
0.05723225251414443,0.004157241653727439,0.009588484400090858,0.006649576146017688,0.007369225034534743,0.022112974171253352,-0.006128676148060785,0.03480276864997478,0.006740734851502728,2017,8
0.023150530873715658,0.01906917939931363,-0.019786307516523438,-0.04548864662262131,0.01371616671203646,-0.015843498704411707,0.006019615754526031,0.023916269961675507,-0.0052478666239313965,2017,9
0.006975159168538747,0.016373189052030668,0.05288653378009078,0.07675365072157647,0.03590109783174067,0.0019984490483586637,0.04334502869541024,-0.030291968440201544,-0.019828999970576078,2017,10
0.0636932006290416,-0.015140504323693293,0.021472372223182212,0.0032135732346660895,0.032567098680149176,0.019612151169710934,0.0,0.0314264584648809,-0.01150710345751893,2017,11
0.008735693218842266,0.024474302704658335,0.03528530614091818,0.014560279492669803,-0.0037105956705342225,0.04988050570235503,0.029374717259368577,0.029191724758846238,0.05501315053536482,2017,12
0.019367022118457422,0.0037214591505012606,0.012327779315751464,0.054104429198551074,0.039275430960049595,0.03705622408070974,0.03437975994827891,-0.07480945279415252,0.006228907232113556,2018,1
0.058232999642571004,0.05406047853211948,0.07521491317089124,0.029543987590210152,0.011402521092995554,0.0640782314852213,0.045585831136407906,-0.037363422102951516,0.018217169483879747,2018,2
-0.021456738795308516,-0.06047877417190595,-0.05496334421619087,-0.11875169308082956,-0.04944434993202784,-0.034330772358648676,-0.055785840134508935,-0.02328825526580447,-0.07434425572320547,2018,3
-0.0474343714461265,-0.039251206282787776,-0.04970044811598395,-0.008703508949083005,-0.05625211231911298,-0.043904776853357474,-0.03180305177805498,0.021805577776212504,-0.036592244875928936,2018,4
0.03789536714399966,0.033563772049236995,0.018545994695080337,0.11050565124957612,0.02262115447530766,0.05496287733355176,-0.011957156693771176,0.02512967992757087,-0.02590576211729223,2018,5
0.07257087578728494,0.01386523197182088,0.0007283488139291361,0.0411668023165237,0.037043550636691513,0.026001585832601704,0.046877212062784945,-0.023151797783646066,-0.006998570003358573,2018,6
-0.014066676769077358,0.00431862533248184,-0.027656486227873756,-0.020424163585891497,-0.022177101406110178,0.02731364752870702,-0.04610684456827374,0.04222272027958751,0.03161497582860018,2018,7
0.020973053181748247,0.06247008661349307,0.04603298956561774,0.01643949962510738,0.023545717622442286,0.011603511264248967,0.05697167134324421,0.002293119199043403,0.03689243424822286,2018,8
0.052403579205400064,0.03473866299380712,0.018604598791443827,-0.023274216981376217,-0.004397806600652365,0.058255029598357044,0.015287344545299453,0.024022846581605917,0.011106930806690007,2018,9
0.005045875649070997,0.038896151623687425,-0.02739721805792239,0.03379109016531179,-0.005946352109904796,-0.0026457076336791063,0.026609493743530166,-0.023086909046848403,0.0033513369622792943,2018,10
-0.07372178162333032,-0.0606567965400433,-0.046587247766235795,-0.11798407931470378,-0.07554261315571831,-0.07983913898960071,-0.10089766211957685,0.018677330273239034,0.028020080781825385,2018,11
-0.00955638515350965,0.062235626656401255,0.02803029476556329,-0.002214698338170895,0.027361795859886184,0.023063362643793495,0.03192232630547842,0.05051451308512522,0.016425989573069177,2018,12
-0.106854863519102,-0.10701190988342801,-0.11495943264739994,-0.13465525365873376,-0.08619760557554013,-0.09317334606817795,-0.11774325038211952,-0.07373113253501196,-0.10353403816146911,2019,1
0.07497577679555723,0.06514088322244138,0.0845128534808477,0.10961012136777781,0.05376131563337805,0.0744787504618285,0.11028729726981035,0.048836781340093394,0.0542789560878314,2019,2
0.0700464721344567,0.02424239061423905,0.0245681887040734,0.02404064683721674,0.027471524328408936,0.03647724548613751,0.06302179440436739,0.04729609288980274,0.019165735331980516,2019,3
0.051443874218291885,-0.011403954743365863,-0.013113539695254417,0.008126424986113268,0.024554425246607448,0.0360036008545197,0.002224815610493369,0.011202509674126837,0.03097338566538932,2019,4
0.04666044394510793,-0.030362399978877797,0.05504938323992348,-0.03284067798772117,0.0014201671180014142,0.030495240510534538,0.012013556371739842,0.005885410245694445,0.019313338097612043,2019,5
-0.10036943915934593,-0.018069591895887416,-0.05793452887049,-0.08133971883461855,-0.03545470670820705,-0.07250652078127162,-0.0639999881867439,0.012390315146113773,-0.012105239065069884,2019,6
0.12246923208623395,0.06412162244062314,0.06684491900689649,0.07140456934330608,0.08344056107809883,0.0930824258242342,0.06823817046826952,0.011048745384171,0.0374710840737984,2019,7
0.013622626736678578,-0.01976365594036056,-0.01145720341309553,-0.03904659966430424,-0.01594575791756747,-0.009729714502663689,-0.015227775683389067,0.01143241947560747,0.013693993098806256,2019,8
-0.02239924138982574,-0.013039693332790536,-0.03513224191452757,-0.0665796034208771,-0.030511923707630673,8.393102689163712e-05,-0.020704943679849763,0.05867684156001074,0.031239419722847606,2019,9
0.015529547589321124,-0.009104026841373902,0.028903921749445338,0.01101400454042345,0.010490756311868799,0.005038257804738322,0.01391667656115958,0.014130911141270186,0.0031111614157268708,2019,10
0.06129355056993813,0.06296921844909842,0.06238602704635676,0.02507343770242687,0.03835995812492232,0.016375629079230514,0.05873043123651689,-0.0077411368377285905,-0.0017955729459371295,2019,11
0.026337585982746603,0.04406029497375963,0.02884609275517347,-0.006578937207816549,0.007286905904196006,-0.0017262563241973172,0.005858903185628872,-0.02262438806514544,0.016189662127000348,2019,12
0.07468351840979892,0.031095346862843876,0.03738320672425721,0.028697613498418706,0.0211978829969941,0.045042828645712074,0.02875200922826715,0.018678192768883273,0.005471518441059642,2020,1
0.034264878136372356,-0.02046407905705372,-0.029279274441632586,-0.12941564733609712,-0.03064251378868499,-0.00551575571221663,-0.023250213896012117,0.08446944771901022,0.011203597440269775,2020,2
-0.03219787865068002,-0.030887684316339814,-0.07358300655421124,-0.10693976156334595,-0.06560164174611738,-0.05070914802554882,-0.06697089519669963,-0.04855492425620567,-0.0330800908909884,2020,3
-0.18121525281427775,-0.12109332886350743,-0.30053671901923384,-0.41358807358753746,-0.21771555693643863,-0.21792839614726078,-0.2551223088231601,-0.2089914227245654,-0.12342447039931681,2020,4
0.16148419731523855,0.14810471637338285,0.12838876352095596,0.2979723890231467,0.180888232913486,0.19786554449695903,0.10505771329100133,0.07296465252416051,0.0760037302112131,2020,5
0.10168729764189921,0.042522702185969985,0.07343612322994186,0.10013947853245764,0.09923214854651707,0.11698151401204537,0.0891279780995824,0.08088762296647056,0.03505728037502398,2020,6
0.06861344755145837,-0.011275630453635221,-0.03124998993164796,-0.06364093328931864,0.011463359639233284,0.028954272743819676,0.008404595950886051,-0.043874196339937055,-0.01592891972940469,2020,7
0.08111979329925445,0.05731859002973372,0.05056668789915375,-0.020850269466576643,0.06286522331008992,0.059767493905947155,0.05322414712873047,0.04190473019818719,0.065428526877497,2020,8
0.11277067577689848,0.006283981914142256,0.042738537883544314,-0.020741150530001362,0.07897370280432359,0.10935554249172408,0.09121199231107857,-0.026591300030101683,0.049896094794344314,2020,9
-0.06337862858259169,-0.020225539662860226,-0.04058888119691939,-0.18017506885792534,-0.031192099924801653,-0.018198666088484083,-0.02353687671800908,0.0240737554167465,-0.018126464794325337,2020,10
-0.057576536063396744,-0.015506134324806187,0.008295265471911728,0.02307957493787316,0.04048449207647753,-0.03297507457746274,0.015244275816876929,0.06285429287322586,-0.01877131712159963,2020,11
0.12524741987934385,0.06928211369545267,0.16454134462667858,0.24343432176803637,0.09941786129180796,0.10028464915436608,0.1269250464842806,-0.007372568167892113,0.06719367588932812,2020,12
0.022709131798555715,0.02069395635594873,0.02719888634014289,0.027890570560123118,-0.0009753336783941968,0.006248851473408035,-0.01594344534117753,-0.03413400583248416,-0.011555537471064858,2021,1
0.03330728761069257,0.022310795401045524,0.008596973887754267,0.04320335693367472,-0.0032077508692934797,0.04265464264120444,-0.008795302673546002,0.021760501542824162,-0.0385191793735572,2021,2
0.02073237105365311,-0.012037753312149624,0.13603817870770718,0.24747483407511206,0.05512805896335893,-0.007760850291470223,0.08499706537771923,-0.0448358559304004,-0.00327362266835185,2021,3
0.004299494865060982,0.020248926380757926,0.03451385163300413,0.01842104897376151,0.05410415068989316,0.027223705163138545,0.06295059135812009,0.07259007385739746,0.06318431055669471,2021,4
0.02826986973602441,0.0543001952742197,0.05715106864639896,0.008745748652326135,0.06025916523153607,0.05105660045308036,0.042518775354722926,0.04266957739557542,0.03192112476887643,2021,5
-0.011413368500145626,-0.009290191493389832,0.04884749344335804,0.06837440828971686,0.049833942079605675,-0.031223746777633843,0.024762044467262934,-0.02923095450463087,0.005987144117030052,2021,6
0.07399072285133279,0.04524142480716109,-0.03244378960917216,0.010881596077179756,-0.06464738928216696,0.04086721509621549,-0.022742362869710764,-0.01297103056788207,-0.011477930595104713,2021,7
0.03339870407069534,0.041394523875526,-0.012168760641153908,-0.10563767141864766,0.002899925780263768,0.007741141727265033,-0.0046542784865938325,0.04005014488927228,0.020785506075681637,2021,8
0.039581207401925056,0.02206603286134068,0.04516839805683315,-0.027131820045588007,0.028795173369258187,0.014865998821628423,0.014223079033316655,0.04452465305364539,0.020081453778414637,2021,9
-0.046129558551404104,-0.05855821197002076,-0.0007857197238630986,0.12895788850861,-0.058789046480248186,-0.015465020405846852,-0.04735376309935013,-0.08006914138550858,-0.04983483999172367,2021,10
0.064128689663004,0.049713356946727405,0.05583216692594606,0.0858097867531804,0.06159010550055877,0.132964562391356,0.05646298101320779,0.05118973705521501,0.03390327558818029,2021,11
0.031744129140693245,-0.031123773366233065,-0.06802378219479577,-0.07612043846441663,-0.017932475208268128,-0.019966785837781553,-0.051631953576466216,-0.018763992667146456,-0.01975901975966121,2021,12
0.054744308694621324,0.0767567756093146,0.053010064337702945,0.05943349377757956,0.06731112696053532,0.04762140751478827,0.056053130128506545,0.07558056462383234,0.10221589475078008,2022,1
-0.07480631587970277,-0.05636833385494522,0.0017707993166162783,0.19311421158035924,-0.04114950567614839,-0.11525838293836499,-0.026777254837184294,-0.0358402824479902,-0.015564163060845848,2022,2
-0.07020132975757043,-0.01778382964985148,-0.06313131556390761,0.044236186040118364,-0.050029165195654146,-0.06089106994719817,-0.036522038850972716,-0.014488591638148085,-0.018972363800483838,2022,3
0.04947348134934226,0.06832251203766582,0.030188754518771344,0.0809369696867217,0.09354287788145221,0.060031989839815836,0.03841462114513017,0.1211761821483488,0.029411797855674937,2022,4
-0.09396692388468375,-0.06221489926127444,-0.09680797082066095,-0.009213588203565659,-0.04838353277273677,-0.10781191859485684,-0.06694073152139823,-0.06582783073778975,-0.00039137349901741114,2022,5
-0.02465702002039749,0.006564767775435021,0.011008142035808355,0.16070732832587908,0.004718668653051372,-0.07460971947778117,-0.012796241222674976,0.052176384075820925,-0.04072047291490355,2022,6
-0.09012351087053883,-0.004987410006454529,-0.08653301527430957,-0.18099752221172194,-0.12974046800428762,-0.08448308891465339,-0.06396094450474876,-0.031801652600280894,-0.0038095072013180076,2022,7
0.1295031749921136,0.013417686547178675,0.048619861518588214,0.058142754398464724,0.04560168818361032,0.1687737005207779,0.08671963135042104,0.030340993061551247,0.030046393219946177,2022,8
-0.0646931924235995,-0.03507837980963324,-0.008375673848065257,0.022395748996903553,-0.03974195911038303,-0.04100468552245451,-0.027992483444476468,0.01864115771400532,-0.025192277539211716,2022,9
-0.09019321299069305,-0.0253134543511796,-0.05942688175037403,-0.030947534501586826,-0.056436402198069446,-0.09137830247349332,-0.08295724718714237,-0.10582154846046288,-0.07671381456979898,2022,10
0.03544017638193364,0.07467640348609006,0.09268759978712082,0.19424375239891267,0.05767580962629215,-0.00014018524570624802,0.10452315656333577,-0.00578376668965408,0.0682086781106841,2022,11
0.07373809636984041,0.04961225812728953,0.059583175740540506,-0.00022014165132933083,0.11552446773748026,0.025110376575378623,0.0794610406749674,0.06458833192008218,0.05971581952962901,2022,12
-0.09467493454354647,-0.028403324537987107,-0.0493074474940185,-0.07099611509712345,-0.06336753285082897,-0.12151895483085029,-0.03272729072289615,-0.012190033811140588,-0.03344611943398712,2023,1
0.12899562916042928,-0.010851920477224053,0.06526811475480909,0.04454978753854122,0.09806702010296342,0.18015425650572414,0.04236941929004301,-0.018297885326629015,0.000807933091429458,2023,2
-0.026156936575588374,-0.05246664766388165,-0.02625828400190522,-0.03198737757574266,-0.032155825527626636,-0.051544333014602706,-0.01189193522622245,-0.0762895369042339,-0.03807347990501897,2023,3
0.11252951239095377,0.03111219759074335,-0.095224706037916,0.014530179826285128,-0.015763344640662647,0.03103466179608616,-9.866958626281175e-05,0.05161900572508893,0.05034962900868667,2023,4
0.0009948523727127956,0.02528452727827557,0.027010331304275992,-0.027835569544247263,-0.008131034219578837,-0.011945766986126038,-0.008089973262494943,0.027814889540603405,0.031957411113742396,2023,5
0.09958917944374579,-0.04135004471227599,-0.02962525098815416,-0.0787691267393198,-0.0557695363809152,0.04781420964368022,-0.024368455891453422,-0.06729380070276547,-0.0630967663180444,2023,6
0.045435424426512716,0.02308231338282507,0.05607486409100515,0.04926489102038767,0.09418579292666185,0.12033903160598669,0.09430115552391838,0.02296359079926935,0.029472515792037468,2023,7
0.0297422804769214,0.013749601693906488,0.04218289795899066,0.07018189579199885,0.025967732926065468,-0.0005236607562609796,0.031768248355209305,0.004853627989428233,0.007892927597199062,2023,8
-0.013713949241228596,0.0008992909608165345,-0.01811500626029261,0.04214997337554216,-0.017811069935463886,-0.012225685808242792,-0.017607195920922636,-0.054490575250589646,-0.0424740788928446,2023,9
-0.05964809698562701,-0.03750849360563446,-0.051888132266303066,-0.023694088345767472,-0.07528033382924704,-0.05045086138369803,-0.077297825608595,-0.10296936184206518,-0.05267539622828288,2023,10
0.008992638133987096,-0.02924700200871,-0.009729391935620835,-0.04063662516014066,-0.01819124788090154,-0.04425550776364651,-0.0170335600644399,0.07439046818536288,-0.008047928765520629,2023,11
0.11006107166757273,0.05633011704640234,0.1105311178339734,0.00035296834981646263,0.09526938430183374,0.11111833410248284,0.10194565795989474,0.05234387780886873,0.04661448576542271,2023,12
